Title,NOC4,Statistics,Average
Food and beverage servers [6513] ,6513,Average offered hourly wage (dollars) (5),10.775
Bartenders [6512] ,6512,Average offered hourly wage (dollars) (5),11.175
Cashiers [6611] ,6611,Average offered hourly wage (dollars) (5),11.175
Nursery and greenhouse workers [8432] ,8432,Average offered hourly wage (dollars) (5),11.3375
"Store shelf stockers, clerks and order fillers [6622] ",6622,Average offered hourly wage (dollars) (5),11.475
Service station attendants [6621] ,6621,Average offered hourly wage (dollars) (5),11.525
Harvesting labourers [8611] ,8611,Average offered hourly wage (dollars) (5),11.5375
"Food counter attendants, kitchen helpers and related support occupations [6711] ",6711,Average offered hourly wage (dollars) (5),11.5875
Maîtres d'hôtel and hosts/hostesses [6511] ,6511,Average offered hourly wage (dollars) (5),11.7625
Industrial sewing machine operators [9446] ,9446,Average offered hourly wage (dollars) (5),11.85
Retail salespersons [6421] ,6421,Average offered hourly wage (dollars) (5),11.925
Labourers in fish and seafood processing [9618] ,9618,Average offered hourly wage (dollars) (5),12.0875
Casino occupations [6533] ,6533,Average offered hourly wage (dollars) (5),12.175
"Other service support occupations, not elsewhere classified (n.e.c.) [6742] ",6742,Average offered hourly wage (dollars) (5),12.2
Fish and seafood plant workers [9463] ,9463,Average offered hourly wage (dollars) (5),12.2375
Artisans and craftspersons [5244] ,5244,Average offered hourly wage (dollars) (5),12.3
Photographic and film processors [9474] ,9474,Average offered hourly wage (dollars) (5),12.33333333
"Tailors, dressmakers, furriers and milliners [6342] ",6342,Average offered hourly wage (dollars) (5),12.3875
General farm workers [8431] ,8431,Average offered hourly wage (dollars) (5),12.4875
"Dry cleaning, laundry and related occupations [6741] ",6741,Average offered hourly wage (dollars) (5),12.5125
Pet groomers and animal care workers [6563] ,6563,Average offered hourly wage (dollars) (5),12.55
Labourers in textile processing [9616] ,9616,Average offered hourly wage (dollars) (5),12.55
Survey interviewers and statistical clerks [1454] ,1454,Average offered hourly wage (dollars) (5),12.5875
Hairstylists and barbers [6341] ,6341,Average offered hourly wage (dollars) (5),12.6625
"Estheticians, electrologists and related occupations [6562] ",6562,Average offered hourly wage (dollars) (5),12.7
"Operators and attendants in amusement, recreation and sport [6722] ",6722,Average offered hourly wage (dollars) (5),12.7
Other automotive mechanical installers and servicers [7535] ,7535,Average offered hourly wage (dollars) (5),12.9875
Air transport ramp attendants [7534] ,7534,Average offered hourly wage (dollars) (5),13.175
"Inspectors and graders, textile, fabric, fur and leather products manufacturing [9447] ",9447,Average offered hourly wage (dollars) (5),13.25
"Weavers, knitters and other fabric making occupations [9442] ",9442,Average offered hourly wage (dollars) (5),13.2625
Water transport deck and engine room crew [7532] ,7532,Average offered hourly wage (dollars) (5),13.35
Cooks [6322] ,6322,Average offered hourly wage (dollars) (5),13.4125
Bakers [6332] ,6332,Average offered hourly wage (dollars) (5),13.4125
Hotel front desk clerks [6525] ,6525,Average offered hourly wage (dollars) (5),13.425
Other sales related occupations [6623] ,6623,Average offered hourly wage (dollars) (5),13.5125
Labourers in food and beverage processing [9617] ,9617,Average offered hourly wage (dollars) (5),13.5625
"Other labourers in processing, manufacturing and utilities [9619] ",9619,Average offered hourly wage (dollars) (5),13.5625
"Support occupations in accommodation, travel and facilities set-up services [6721] ",6721,Average offered hourly wage (dollars) (5),13.625
Furniture and fixture assemblers and inspectors [9532] ,9532,Average offered hourly wage (dollars) (5),13.6625
"Other products assemblers, finishers and inspectors [9537] ",9537,Average offered hourly wage (dollars) (5),13.7375
Food service supervisors [6311] ,6311,Average offered hourly wage (dollars) (5),13.775
Light duty cleaners [6731] ,6731,Average offered hourly wage (dollars) (5),13.8
Other wood products assemblers and inspectors [9533] ,9533,Average offered hourly wage (dollars) (5),13.8
Security guards and related security service occupations [6541] ,6541,Average offered hourly wage (dollars) (5),13.8
Specialized cleaners [6732] ,6732,Average offered hourly wage (dollars) (5),13.875
Taxi and limousine drivers and chauffeurs [7513] ,7513,Average offered hourly wage (dollars) (5),13.9125
Travel counsellors [6521] ,6521,Average offered hourly wage (dollars) (5),13.9375
Airline ticket and service agents [6523] ,6523,Average offered hourly wage (dollars) (5),14.05
Material handlers [7452] ,7452,Average offered hourly wage (dollars) (5),14.1
Labourers in rubber and plastic products manufacturing [9615] ,9615,Average offered hourly wage (dollars) (5),14.13333333
"Assemblers and inspectors, electrical appliance, apparatus and equipment manufacturing [9524] ",9524,Average offered hourly wage (dollars) (5),14.15
Tour and travel guides [6531] ,6531,Average offered hourly wage (dollars) (5),14.1875
"Other performers, not elsewhere classified (n.e.c.) [5232] ",5232,Average offered hourly wage (dollars) (5),14.35
Other customer and information services representatives [6552] ,6552,Average offered hourly wage (dollars) (5),14.3875
Plastics processing machine operators [9422] ,9422,Average offered hourly wage (dollars) (5),14.45
"Plastic products assemblers, finishers and inspectors [9535] ",9535,Average offered hourly wage (dollars) (5),14.45
Delivery and courier service drivers [7514] ,7514,Average offered hourly wage (dollars) (5),14.6375
Landscaping and grounds maintenance labourers [8612] ,8612,Average offered hourly wage (dollars) (5),14.7125
"Program leaders and instructors in recreation, sport and fitness [5254] ",5254,Average offered hourly wage (dollars) (5),14.7625
Shippers and receivers [1521] ,1521,Average offered hourly wage (dollars) (5),14.85
"Butchers, meat cutters and fishmongers - retail and wholesale [6331] ",6331,Average offered hourly wage (dollars) (5),14.875
"Electronics assemblers, fabricators, inspectors and testers [9523] ",9523,Average offered hourly wage (dollars) (5),14.9
Photographers [5221] ,5221,Average offered hourly wage (dollars) (5),14.925
Purchasing and inventory control workers [1524] ,1524,Average offered hourly wage (dollars) (5),14.93333333
Retail sales supervisors [6211] ,6211,Average offered hourly wage (dollars) (5),14.9375
Labourers in metal fabrication [9612] ,9612,Average offered hourly wage (dollars) (5),15.15
Woodworking machine operators [9437] ,9437,Average offered hourly wage (dollars) (5),15.2125
Collectors [1435] ,1435,Average offered hourly wage (dollars) (5),15.2375
Agricultural and fish products inspectors [2222] ,2222,Average offered hourly wage (dollars) (5),15.25
Papermaking and finishing machine operators [9433] ,9433,Average offered hourly wage (dollars) (5),15.31666667
Receptionists [1414] ,1414,Average offered hourly wage (dollars) (5),15.35
Home child care providers [4411] ,4411,Average offered hourly wage (dollars) (5),15.45
Upholsterers [6345] ,6345,Average offered hourly wage (dollars) (5),15.4625
Pest controllers and fumigators [7444] ,7444,Average offered hourly wage (dollars) (5),15.475
Rubber processing machine operators and related workers [9423] ,9423,Average offered hourly wage (dollars) (5),15.475
Mechanical assemblers and inspectors [9526] ,9526,Average offered hourly wage (dollars) (5),15.55
"Painters, sculptors and other visual artists [5136] ",5136,Average offered hourly wage (dollars) (5),15.55
Binding and finishing machine operators [9473] ,9473,Average offered hourly wage (dollars) (5),15.5625
Labourers in chemical products processing and utilities [9613] ,9613,Average offered hourly wage (dollars) (5),15.56666667
"Machine operators and inspectors, electrical apparatus manufacturing [9527] ",9527,Average offered hourly wage (dollars) (5),15.6
Data entry clerks [1422] ,1422,Average offered hourly wage (dollars) (5),15.625
"Home support workers, housekeepers and related occupations [4412] ",4412,Average offered hourly wage (dollars) (5),15.6375
"Theatre, fashion, exhibit and other creative designers [5243] ",5243,Average offered hourly wage (dollars) (5),15.6375
"Textile fibre and yarn, hide and pelt processing machine operators and workers [9441] ",9441,Average offered hourly wage (dollars) (5),15.65
Early childhood educators and assistants [4214] ,4214,Average offered hourly wage (dollars) (5),15.65
Glass forming and finishing machine operators and glass cutters [9413] ,9413,Average offered hourly wage (dollars) (5),15.65
Other trades helpers and labourers [7612] ,7612,Average offered hourly wage (dollars) (5),15.7875
Longshore workers [7451] ,7451,Average offered hourly wage (dollars) (5),15.85
"Janitors, caretakers and building superintendents [6733] ",6733,Average offered hourly wage (dollars) (5),15.9125
Railway and motor transport labourers [7622] ,7622,Average offered hourly wage (dollars) (5),16.075
"Bus drivers, subway operators and other transit operators [7512] ",7512,Average offered hourly wage (dollars) (5),16.0875
Storekeepers and partspersons [1522] ,1522,Average offered hourly wage (dollars) (5),16.1
Technical occupations related to museums and art galleries [5212] ,5212,Average offered hourly wage (dollars) (5),16.125
"Agricultural service contractors, farm supervisors and specialized livestock workers [8252] ",8252,Average offered hourly wage (dollars) (5),16.1375
Animal health technologists and veterinary technicians [3213] ,3213,Average offered hourly wage (dollars) (5),16.1375
Outdoor sport and recreational guides [6532] ,6532,Average offered hourly wage (dollars) (5),16.1375
Other metal products machine operators [9418] ,9418,Average offered hourly wage (dollars) (5),16.1875
Foundry workers [9412] ,9412,Average offered hourly wage (dollars) (5),16.25
"Process control and machine operators, food and beverage processing [9461] ",9461,Average offered hourly wage (dollars) (5),16.25
"Industrial butchers and meat cutters, poultry preparers and related workers [9462] ",9462,Average offered hourly wage (dollars) (5),16.2625
Other services supervisors [6316] ,6316,Average offered hourly wage (dollars) (5),16.3125
"Motor vehicle assemblers, inspectors and testers [9522] ",9522,Average offered hourly wage (dollars) (5),16.3375
Labourers in mineral and metal processing [9611] ,9611,Average offered hourly wage (dollars) (5),16.35
Coaches [5252] ,5252,Average offered hourly wage (dollars) (5),16.35
Metalworking and forging machine operators [9416] ,9416,Average offered hourly wage (dollars) (5),16.5625
Furniture finishers and refinishers [9534] ,9534,Average offered hourly wage (dollars) (5),16.6
Other instructors [4216] ,4216,Average offered hourly wage (dollars) (5),16.7375
Chefs [6321] ,6321,Average offered hourly wage (dollars) (5),16.9
"Labourers in wood, pulp and paper processing [9614] ",9614,Average offered hourly wage (dollars) (5),16.925
Paper converting machine operators [9435] ,9435,Average offered hourly wage (dollars) (5),17.01666667
Plateless printing equipment operators [9471] ,9471,Average offered hourly wage (dollars) (5),17.1
Restaurant and food service managers [0631] ,631,Average offered hourly wage (dollars) (5),17.1
Retail and wholesale buyers [6222] ,6222,Average offered hourly wage (dollars) (5),17.1
General office support workers [1411] ,1411,Average offered hourly wage (dollars) (5),17.1125
"Industrial painters, coaters and metal finishing process operators [9536] ",9536,Average offered hourly wage (dollars) (5),17.1625
Customer services representatives - financial institutions [6551] ,6551,Average offered hourly wage (dollars) (5),17.2
Painters and decorators (except interior decorators) [7294] ,7294,Average offered hourly wage (dollars) (5),17.3375
"Accommodation, travel, tourism and related services supervisors [6313] ",6313,Average offered hourly wage (dollars) (5),17.4125
Other repairers and servicers [7445] ,7445,Average offered hourly wage (dollars) (5),17.425
Machining tool operators [9417] ,9417,Average offered hourly wage (dollars) (5),17.45
"Nurse aides, orderlies and patient service associates [3413] ",3413,Average offered hourly wage (dollars) (5),17.55
Lumber graders and other wood processing inspectors and graders [9436] ,9436,Average offered hourly wage (dollars) (5),17.575
Residential and commercial installers and servicers [7441] ,7441,Average offered hourly wage (dollars) (5),17.6125
Boat and cable ferry operators and related occupations [7533] ,7533,Average offered hourly wage (dollars) (5),17.7
Other medical technologists and technicians (except dental health) [3219] ,3219,Average offered hourly wage (dollars) (5),17.7375
Musicians and singers [5133] ,5133,Average offered hourly wage (dollars) (5),17.775
"Concrete, clay and stone forming operators [9414] ",9414,Average offered hourly wage (dollars) (5),17.78333333
Other wood processing machine operators [9434] ,9434,Average offered hourly wage (dollars) (5),17.825
Public works and maintenance labourers [7621] ,7621,Average offered hourly wage (dollars) (5),17.825
Cabinetmakers [7272] ,7272,Average offered hourly wage (dollars) (5),17.9375
"Dental technologists, technicians and laboratory assistants [3223] ",3223,Average offered hourly wage (dollars) (5),18.0125
"Inspectors and testers, mineral and metal processing [9415] ",9415,Average offered hourly wage (dollars) (5),18.05
Landscape and horticulture technicians and specialists [2225] ,2225,Average offered hourly wage (dollars) (5),18.05
Accounting and related clerks [1431] ,1431,Average offered hourly wage (dollars) (5),18.1375
Social and community service workers [4212] ,4212,Average offered hourly wage (dollars) (5),18.1625
Floor covering installers [7295] ,7295,Average offered hourly wage (dollars) (5),18.175
Appliance servicers and repairers [7332] ,7332,Average offered hourly wage (dollars) (5),18.2
Other small engine and small equipment repairers [7335] ,7335,Average offered hourly wage (dollars) (5),18.25
Dispatchers [1525] ,1525,Average offered hourly wage (dollars) (5),18.2625
"Assemblers, fabricators and inspectors, industrial electrical motors and transformers [9525] ",9525,Average offered hourly wage (dollars) (5),18.325
Other assisting occupations in support of health services [3414] ,3414,Average offered hourly wage (dollars) (5),18.35
Opticians [3231] ,3231,Average offered hourly wage (dollars) (5),18.43333333
Aircraft assemblers and aircraft assembly inspectors [9521] ,9521,Average offered hourly wage (dollars) (5),18.55
Library assistants and clerks [1451] ,1451,Average offered hourly wage (dollars) (5),18.5875
Medical administrative assistants [1243] ,1243,Average offered hourly wage (dollars) (5),18.6
Conference and event planners [1226] ,1226,Average offered hourly wage (dollars) (5),18.675
"Customs, ship and other brokers [1315] ",1315,Average offered hourly wage (dollars) (5),18.73333333
Chemical plant machine operators [9421] ,9421,Average offered hourly wage (dollars) (5),18.7625
Administrative assistants [1241] ,1241,Average offered hourly wage (dollars) (5),18.8375
Construction trades helpers and labourers [7611] ,7611,Average offered hourly wage (dollars) (5),18.8375
Executive housekeepers [6312] ,6312,Average offered hourly wage (dollars) (5),18.85
"Machine operators, mineral and metal processing [9411] ",9411,Average offered hourly wage (dollars) (5),18.9
"Testers and graders, food and beverage processing [9465] ",9465,Average offered hourly wage (dollars) (5),18.9
"Banking, insurance and other financial clerks [1434] ",1434,Average offered hourly wage (dollars) (5),19.35
Public works maintenance equipment operators and related workers [7522] ,7522,Average offered hourly wage (dollars) (5),19.375
Interior designers and interior decorators [5242] ,5242,Average offered hourly wage (dollars) (5),19.4125
Electronic service technicians (household and business equipment) [2242] ,2242,Average offered hourly wage (dollars) (5),19.55
"Supervisors, printing and related occupations [7303] ",7303,Average offered hourly wage (dollars) (5),19.55
Telecommunications installation and repair workers [7246] ,7246,Average offered hourly wage (dollars) (5),19.6125
"Support occupations in motion pictures, broadcasting, photography and the performing arts [5227] ",5227,Average offered hourly wage (dollars) (5),19.65
Printing press operators [7381] ,7381,Average offered hourly wage (dollars) (5),19.7125
Sales and account representatives - wholesale trade (non-technical) [6411] ,6411,Average offered hourly wage (dollars) (5),19.7125
Sawmill machine operators [9431] ,9431,Average offered hourly wage (dollars) (5),19.75
Dental assistants [3411] ,3411,Average offered hourly wage (dollars) (5),19.825
Accounting technicians and bookkeepers [1311] ,1311,Average offered hourly wage (dollars) (5),19.8375
Elementary and secondary school teacher assistants [4413] ,4413,Average offered hourly wage (dollars) (5),19.8625
Machinists and machining and tooling inspectors [7231] ,7231,Average offered hourly wage (dollars) (5),19.875
Personnel clerks [1415] ,1415,Average offered hourly wage (dollars) (5),19.9
Silviculture and forestry workers [8422] ,8422,Average offered hourly wage (dollars) (5),20.075
Biological technologists and technicians [2221] ,2221,Average offered hourly wage (dollars) (5),20.1
"Supervisors, textile, fabric, fur and leather products processing and manufacturing [9217] ",9217,Average offered hourly wage (dollars) (5),20.1
Announcers and other broadcasters [5231] ,5231,Average offered hourly wage (dollars) (5),20.15
Accommodation service managers [0632] ,632,Average offered hourly wage (dollars) (5),20.4125
Retail and wholesale trade managers [0621] ,621,Average offered hourly wage (dollars) (5),20.45
"Recreation, sports and fitness policy researchers, consultants and program officers [4167] ",4167,Average offered hourly wage (dollars) (5),20.475
Glaziers [7292] ,7292,Average offered hourly wage (dollars) (5),20.4875
"Managers in customer and personal services, not elsewhere classified (n.e.c.) [0651] ",651,Average offered hourly wage (dollars) (5),20.5125
"Translators, terminologists and interpreters [5125] ",5125,Average offered hourly wage (dollars) (5),20.6
User support technicians [2282] ,2282,Average offered hourly wage (dollars) (5),20.625
Legal administrative assistants [1242] ,1242,Average offered hourly wage (dollars) (5),20.6375
Library and public archive technicians [5211] ,5211,Average offered hourly wage (dollars) (5),20.6625
Journalists [5123] ,5123,Average offered hourly wage (dollars) (5),20.775
"Contractors and supervisors, landscaping, grounds maintenance and horticulture services [8255] ",8255,Average offered hourly wage (dollars) (5),20.8375
Transport truck drivers [7511] ,7511,Average offered hourly wage (dollars) (5),20.8375
Ironworkers [7236] ,7236,Average offered hourly wage (dollars) (5),20.875
"Motorcycle, all-terrain vehicle and other related mechanics [7334] ",7334,Average offered hourly wage (dollars) (5),20.8875
Home building and renovation managers [0712] ,712,Average offered hourly wage (dollars) (5),20.95
Funeral directors and embalmers [6346] ,6346,Average offered hourly wage (dollars) (5),21
Desktop publishing operators and related occupations [1423] ,1423,Average offered hourly wage (dollars) (5),21.025
Managers in agriculture [0821] ,821,Average offered hourly wage (dollars) (5),21.025
Motor vehicle body repairers [7322] ,7322,Average offered hourly wage (dollars) (5),21.0375
Managers in horticulture [0822] ,822,Average offered hourly wage (dollars) (5),21.05
Forestry technologists and technicians [2223] ,2223,Average offered hourly wage (dollars) (5),21.08333333
Post-secondary teaching and research assistants [4012] ,4012,Average offered hourly wage (dollars) (5),21.1375
Instructors of persons with disabilities [4215] ,4215,Average offered hourly wage (dollars) (5),21.3625
"Professional occupations in advertising, marketing and public relations [1123] ",1123,Average offered hourly wage (dollars) (5),21.4
Drafting technologists and technicians [2253] ,2253,Average offered hourly wage (dollars) (5),21.4125
"Correspondence, publication and regulatory clerks [1452] ",1452,Average offered hourly wage (dollars) (5),21.45
"Supervisors, mail and message distribution occupations [1214] ",1214,Average offered hourly wage (dollars) (5),21.5
Land survey technologists and technicians [2254] ,2254,Average offered hourly wage (dollars) (5),21.625
"Automotive service technicians, truck and bus mechanics and mechanical repairers [7321] ",7321,Average offered hourly wage (dollars) (5),21.6625
Administrative officers [1221] ,1221,Average offered hourly wage (dollars) (5),21.7125
Electrical mechanics [7333] ,7333,Average offered hourly wage (dollars) (5),21.725
Transportation route and crew schedulers [1526] ,1526,Average offered hourly wage (dollars) (5),21.75
Welders and related machine operators [7237] ,7237,Average offered hourly wage (dollars) (5),21.7625
Aircraft mechanics and aircraft inspectors [7315] ,7315,Average offered hourly wage (dollars) (5),21.775
Pulp mill machine operators [9432] ,9432,Average offered hourly wage (dollars) (5),21.8
Medical laboratory technicians and pathologists' assistants [3212] ,3212,Average offered hourly wage (dollars) (5),21.8125
Insurance agents and brokers [6231] ,6231,Average offered hourly wage (dollars) (5),21.825
Employment counsellors [4156] ,4156,Average offered hourly wage (dollars) (5),21.825
Human resources and recruitment officers [1223] ,1223,Average offered hourly wage (dollars) (5),21.8375
Cleaning supervisors [6315] ,6315,Average offered hourly wage (dollars) (5),21.875
Chemical technologists and technicians [2211] ,2211,Average offered hourly wage (dollars) (5),21.95
Conservators and curators [5112] ,5112,Average offered hourly wage (dollars) (5),22
Dancers [5134] ,5134,Average offered hourly wage (dollars) (5),22.0875
Roofers and shinglers [7291] ,7291,Average offered hourly wage (dollars) (5),22.2625
Film and video camera operators [5222] ,5222,Average offered hourly wage (dollars) (5),22.28333333
Financial sales representatives [6235] ,6235,Average offered hourly wage (dollars) (5),22.3375
Production logistics co-ordinators [1523] ,1523,Average offered hourly wage (dollars) (5),22.38333333
Audio and video recording technicians [5225] ,5225,Average offered hourly wage (dollars) (5),22.3875
Carpenters [7271] ,7271,Average offered hourly wage (dollars) (5),22.3875
Air traffic controllers and related occupations [2272] ,2272,Average offered hourly wage (dollars) (5),22.4
"Court reporters, medical transcriptionists and related occupations [1251] ",1251,Average offered hourly wage (dollars) (5),22.43333333
"Other trades and related occupations, not elsewhere classified (n.e.c.) [7384] ",7384,Average offered hourly wage (dollars) (5),22.45
"Supervisors, furniture and fixtures manufacturing [9224] ",9224,Average offered hourly wage (dollars) (5),22.4875
"Oil and gas drilling, servicing and related labourers [8615] ",8615,Average offered hourly wage (dollars) (5),22.53333333
Tool and die makers [7232] ,7232,Average offered hourly wage (dollars) (5),22.5625
Structural metal and platework fabricators and fitters [7235] ,7235,Average offered hourly wage (dollars) (5),22.825
Chain saw and skidder operators [8421] ,8421,Average offered hourly wage (dollars) (5),22.875
Records management technicians [1253] ,1253,Average offered hourly wage (dollars) (5),22.8875
Waterworks and gas maintenance workers [7442] ,7442,Average offered hourly wage (dollars) (5),22.9
"Supervisors, supply chain, tracking and scheduling co-ordination occupations [1215] ",1215,Average offered hourly wage (dollars) (5),22.9125
"Supervisors, electronics manufacturing [9222] ",9222,Average offered hourly wage (dollars) (5),22.95
Statistical officers and related research support occupations [1254] ,1254,Average offered hourly wage (dollars) (5),23.05
Editors [5122] ,5122,Average offered hourly wage (dollars) (5),23.0875
Industrial designers [2252] ,2252,Average offered hourly wage (dollars) (5),23.15
Mine labourers [8614] ,8614,Average offered hourly wage (dollars) (5),23.18333333
"Drillers and blasters - surface mining, quarrying and construction [7372] ",7372,Average offered hourly wage (dollars) (5),23.25
Oil and gas well drilling and related workers and services operators [8412] ,8412,Average offered hourly wage (dollars) (5),23.45
Customer and information services supervisors [6314] ,6314,Average offered hourly wage (dollars) (5),23.45
Water and waste treatment plant operators [9243] ,9243,Average offered hourly wage (dollars) (5),23.525
Payroll administrators [1432] ,1432,Average offered hourly wage (dollars) (5),23.575
Heavy equipment operators (except crane) [7521] ,7521,Average offered hourly wage (dollars) (5),23.6625
"Employment insurance, immigration, border services and revenue officers [1228] ",1228,Average offered hourly wage (dollars) (5),23.7
"Other technical and co-ordinating occupations in motion pictures, broadcasting and the performing arts [5226] ",5226,Average offered hourly wage (dollars) (5),23.75
Architectural technologists and technicians [2251] ,2251,Average offered hourly wage (dollars) (5),23.8125
Conservation and fishery officers [2224] ,2224,Average offered hourly wage (dollars) (5),23.9
Plumbers [7251] ,7251,Average offered hourly wage (dollars) (5),23.975
Graphic designers and illustrators [5241] ,5241,Average offered hourly wage (dollars) (5),24.0375
Other technical occupations in therapy and assessment [3237] ,3237,Average offered hourly wage (dollars) (5),24.0375
"Supervisors, library, correspondence and related information workers [1213] ",1213,Average offered hourly wage (dollars) (5),24.11666667
"Supervisors, plastic and rubber products manufacturing [9214] ",9214,Average offered hourly wage (dollars) (5),24.11666667
Other professional occupations in therapy and assessment [3144] ,3144,Average offered hourly wage (dollars) (5),24.2125
"Contractors and supervisors, other construction trades, installers, repairers and servicers [7205] ",7205,Average offered hourly wage (dollars) (5),24.3375
Industrial engineering and manufacturing technologists and technicians [2233] ,2233,Average offered hourly wage (dollars) (5),24.4125
"Plasterers, drywall installers and finishers and lathers [7284] ",7284,Average offered hourly wage (dollars) (5),24.425
"Aircraft instrument, electrical and avionics mechanics, technicians and inspectors [2244] ",2244,Average offered hourly wage (dollars) (5),24.4625
Concrete finishers [7282] ,7282,Average offered hourly wage (dollars) (5),24.5
Telecommunications line and cable workers [7245] ,7245,Average offered hourly wage (dollars) (5),24.5
Technical sales specialists - wholesale trade [6221] ,6221,Average offered hourly wage (dollars) (5),24.5125
"Supervisors, food and beverage processing [9213] ",9213,Average offered hourly wage (dollars) (5),24.525
"By-law enforcement and other regulatory officers, not elsewhere classified (n.e.c.) [4423] ",4423,Average offered hourly wage (dollars) (5),24.55
"Supervisors, other products manufacturing and assembly [9227] ",9227,Average offered hourly wage (dollars) (5),24.58333333
Archivists [5113] ,5113,Average offered hourly wage (dollars) (5),24.61666667
Sheet metal workers [7233] ,7233,Average offered hourly wage (dollars) (5),24.7
Tilesetters [7283] ,7283,Average offered hourly wage (dollars) (5),24.7875
"Supervisors, electrical products manufacturing [9223] ",9223,Average offered hourly wage (dollars) (5),24.8
Electricians (except industrial and power system) [7241] ,7241,Average offered hourly wage (dollars) (5),24.8875
Licensed practical nurses [3233] ,3233,Average offered hourly wage (dollars) (5),24.925
"Supervisors, general office and administrative support workers [1211] ",1211,Average offered hourly wage (dollars) (5),24.925
Executive assistants [1222] ,1222,Average offered hourly wage (dollars) (5),24.9375
"Patternmakers - textile, leather and fur products [5245] ",5245,Average offered hourly wage (dollars) (5),24.95
"Education policy researchers, consultants and program officers [4166] ",4166,Average offered hourly wage (dollars) (5),25.05
Information systems testing technicians [2283] ,2283,Average offered hourly wage (dollars) (5),25.05
Electrical and electronics engineering technologists and technicians [2241] ,2241,Average offered hourly wage (dollars) (5),25.1125
Other religious occupations [4217] ,4217,Average offered hourly wage (dollars) (5),25.15
Civil engineering technologists and technicians [2231] ,2231,Average offered hourly wage (dollars) (5),25.2625
"Securities agents, investment dealers and brokers [1113] ",1113,Average offered hourly wage (dollars) (5),25.3875
Paramedical occupations [3234] ,3234,Average offered hourly wage (dollars) (5),25.45
Professional occupations in religion [4154] ,4154,Average offered hourly wage (dollars) (5),25.53333333
Court clerks [1416] ,1416,Average offered hourly wage (dollars) (5),25.55
"Family, marriage and other related counsellors [4153] ",4153,Average offered hourly wage (dollars) (5),25.5625
"Supervisors, finance and insurance office workers [1212] ",1212,Average offered hourly wage (dollars) (5),25.6625
Oil and solid fuel heating mechanics [7331] ,7331,Average offered hourly wage (dollars) (5),25.66666667
Real estate agents and salespersons [6232] ,6232,Average offered hourly wage (dollars) (5),25.675
"Supervisors, motor transport and other ground transit operators [7305] ",7305,Average offered hourly wage (dollars) (5),25.7
"Heating, refrigeration and air conditioning mechanics [7313] ",7313,Average offered hourly wage (dollars) (5),25.725
Librarians [5111] ,5111,Average offered hourly wage (dollars) (5),25.73333333
Paralegal and related occupations [4211] ,4211,Average offered hourly wage (dollars) (5),25.9
Firefighters [4312] ,4312,Average offered hourly wage (dollars) (5),25.925
"Agricultural representatives, consultants and specialists [2123] ",2123,Average offered hourly wage (dollars) (5),26.01666667
Crane operators [7371] ,7371,Average offered hourly wage (dollars) (5),26.13333333
Authors and writers [5121] ,5121,Average offered hourly wage (dollars) (5),26.175
Insulators [7293] ,7293,Average offered hourly wage (dollars) (5),26.2
Graphic arts technicians [5223] ,5223,Average offered hourly wage (dollars) (5),26.275
Construction millwrights and industrial mechanics [7311] ,7311,Average offered hourly wage (dollars) (5),26.2875
Mechanical engineering technologists and technicians [2232] ,2232,Average offered hourly wage (dollars) (5),26.4875
Insurance adjusters and claims examiners [1312] ,1312,Average offered hourly wage (dollars) (5),26.5375
Underground production and development miners [8231] ,8231,Average offered hourly wage (dollars) (5),26.65
Broadcast technicians [5224] ,5224,Average offered hourly wage (dollars) (5),26.675
Gas fitters [7253] ,7253,Average offered hourly wage (dollars) (5),26.8375
Underground mine service and support workers [8411] ,8411,Average offered hourly wage (dollars) (5),26.925
Other financial officers [1114] ,1114,Average offered hourly wage (dollars) (5),26.925
Heavy-duty equipment mechanics [7312] ,7312,Average offered hourly wage (dollars) (5),26.9375
"Recreation, sports and fitness program and service directors [0513] ",513,Average offered hourly wage (dollars) (5),26.9875
Health information management occupations [1252] ,1252,Average offered hourly wage (dollars) (5),27.1
"Respiratory therapists, clinical perfusionists and cardiopulmonary technologists [3214] ",3214,Average offered hourly wage (dollars) (5),27.1125
Geological and mineral technologists and technicians [2212] ,2212,Average offered hourly wage (dollars) (5),27.15
Property administrators [1224] ,1224,Average offered hourly wage (dollars) (5),27.15
"Contractors and supervisors, carpentry trades [7204] ",7204,Average offered hourly wage (dollars) (5),27.1625
"Assessors, valuators and appraisers [1314] ",1314,Average offered hourly wage (dollars) (5),27.175
"Contractors and supervisors, machining, metal forming, shaping and erecting trades and related occupations [7201] ",7201,Average offered hourly wage (dollars) (5),27.2
"Cardiology technologists and electrophysiological diagnostic technologists, not elsewhere classified (n.e.c.) [3217] ",3217,Average offered hourly wage (dollars) (5),27.2
Computer network technicians [2281] ,2281,Average offered hourly wage (dollars) (5),27.2625
"Supervisors, other mechanical and metal products manufacturing [9226] ",9226,Average offered hourly wage (dollars) (5),27.275
"Oil and gas well drillers, servicers, testers and related workers [8232] ",8232,Average offered hourly wage (dollars) (5),27.35
Logging machinery operators [8241] ,8241,Average offered hourly wage (dollars) (5),27.46666667
Social workers [4152] ,4152,Average offered hourly wage (dollars) (5),27.4875
"Contractors and supervisors, pipefitting trades [7203] ",7203,Average offered hourly wage (dollars) (5),27.525
"Social policy researchers, consultants and program officers [4164] ",4164,Average offered hourly wage (dollars) (5),27.525
Massage therapists [3236] ,3236,Average offered hourly wage (dollars) (5),27.5625
Court officers and justices of the peace [1227] ,1227,Average offered hourly wage (dollars) (5),27.85
Police officers (except commissioned) [4311] ,4311,Average offered hourly wage (dollars) (5),27.975
"Contractors and supervisors, heavy equipment operator crews [7302] ",7302,Average offered hourly wage (dollars) (5),28.0375
Medical laboratory technologists [3211] ,3211,Average offered hourly wage (dollars) (5),28.0375
Medical radiation technologists [3215] ,3215,Average offered hourly wage (dollars) (5),28.0375
Land surveyors [2154] ,2154,Average offered hourly wage (dollars) (5),28.0625
Landscape architects [2152] ,2152,Average offered hourly wage (dollars) (5),28.075
"Central control and process operators, petroleum, gas and chemical processing [9232] ",9232,Average offered hourly wage (dollars) (5),28.15
Technical occupations in geomatics and meteorology [2255] ,2255,Average offered hourly wage (dollars) (5),28.225
Other professional occupations in health diagnosing and treating [3125] ,3125,Average offered hourly wage (dollars) (5),28.45
Facility operation and maintenance managers [0714] ,714,Average offered hourly wage (dollars) (5),28.55
Financial auditors and accountants [1111] ,1111,Average offered hourly wage (dollars) (5),28.875
"Natural and applied science policy researchers, consultants and program officers [4161] ",4161,Average offered hourly wage (dollars) (5),28.9
Insurance underwriters [1313] ,1313,Average offered hourly wage (dollars) (5),29.175
Purchasing agents and officers [1225] ,1225,Average offered hourly wage (dollars) (5),29.2875
Web designers and developers [2175] ,2175,Average offered hourly wage (dollars) (5),29.3375
College and other vocational instructors [4021] ,4021,Average offered hourly wage (dollars) (5),29.3625
Chemists [2112] ,2112,Average offered hourly wage (dollars) (5),29.575
"Supervisors, motor vehicle assembling [9221] ",9221,Average offered hourly wage (dollars) (5),29.7125
Government managers - education policy development and program administration [0413] ,413,Average offered hourly wage (dollars) (5),29.9375
Human resources professionals [1121] ,1121,Average offered hourly wage (dollars) (5),29.9625
Postal and courier services managers [0132] ,132,Average offered hourly wage (dollars) (5),30.1
Construction inspectors [2264] ,2264,Average offered hourly wage (dollars) (5),30.1125
Construction estimators [2234] ,2234,Average offered hourly wage (dollars) (5),30.2875
Electrical power line and cable workers [7244] ,7244,Average offered hourly wage (dollars) (5),30.3
Inspectors in public and environmental health and occupational health and safety [2263] ,2263,Average offered hourly wage (dollars) (5),30.4125
"Steamfitters, pipefitters and sprinkler system installers [7252] ",7252,Average offered hourly wage (dollars) (5),30.425
Business development officers and marketing researchers and consultants [4163] ,4163,Average offered hourly wage (dollars) (5),30.525
Forestry professionals [2122] ,2122,Average offered hourly wage (dollars) (5),30.53333333
"Managers - publishing, motion pictures, broadcasting and performing arts [0512] ",512,Average offered hourly wage (dollars) (5),30.5625
"Contractors and supervisors, oil and gas drilling and services [8222] ",8222,Average offered hourly wage (dollars) (5),30.6625
"Air pilots, flight engineers and flying instructors [2271] ",2271,Average offered hourly wage (dollars) (5),30.85
Power system electricians [7243] ,7243,Average offered hourly wage (dollars) (5),30.95
Biologists and related scientists [2121] ,2121,Average offered hourly wage (dollars) (5),31.0125
"Health policy researchers, consultants and program officers [4165] ",4165,Average offered hourly wage (dollars) (5),31.0125
Corporate sales managers [0601] ,601,Average offered hourly wage (dollars) (5),31.025
Industrial electricians [7242] ,7242,Average offered hourly wage (dollars) (5),31.0625
Industrial instrument technicians and mechanics [2243] ,2243,Average offered hourly wage (dollars) (5),31.075
Power engineers and power systems operators [9241] ,9241,Average offered hourly wage (dollars) (5),31.1375
"Contractors and supervisors, mechanic trades [7301] ",7301,Average offered hourly wage (dollars) (5),31.45
Registered nurses and registered psychiatric nurses [3012] ,3012,Average offered hourly wage (dollars) (5),31.6375
Financial and investment analysts [1112] ,1112,Average offered hourly wage (dollars) (5),31.775
"Other professional occupations in social science, not elsewhere classified (n.e.c.) [4169] ",4169,Average offered hourly wage (dollars) (5),31.91666667
Dietitians and nutritionists [3132] ,3132,Average offered hourly wage (dollars) (5),31.9375
Audiologists and speech-language pathologists [3141] ,3141,Average offered hourly wage (dollars) (5),32.0375
Industrial and manufacturing engineers [2141] ,2141,Average offered hourly wage (dollars) (5),32.05
Urban and land use planners [2153] ,2153,Average offered hourly wage (dollars) (5),32.25
Mechanical engineers [2132] ,2132,Average offered hourly wage (dollars) (5),32.4125
Aerospace engineers [2146] ,2146,Average offered hourly wage (dollars) (5),32.475
Occupational therapists [3143] ,3143,Average offered hourly wage (dollars) (5),32.4875
Engineering inspectors and regulatory officers [2262] ,2262,Average offered hourly wage (dollars) (5),32.5375
Nursing co-ordinators and supervisors [3011] ,3011,Average offered hourly wage (dollars) (5),32.7
Information systems analysts and consultants [2171] ,2171,Average offered hourly wage (dollars) (5),32.8875
"Supervisors, petroleum, gas and chemical processing and utilities [9212] ",9212,Average offered hourly wage (dollars) (5),32.9125
Dental hygienists and dental therapists [3222] ,3222,Average offered hourly wage (dollars) (5),32.9625
Medical sonographers [3216] ,3216,Average offered hourly wage (dollars) (5),33.0875
"Producers, directors, choreographers and related occupations [5131] ",5131,Average offered hourly wage (dollars) (5),33.125
"Supervisors, mineral and metal processing [9211] ",9211,Average offered hourly wage (dollars) (5),33.2
Database analysts and data administrators [2172] ,2172,Average offered hourly wage (dollars) (5),33.3625
"Deck officers, water transport [2273] ",2273,Average offered hourly wage (dollars) (5),33.4
"Supervisors, forest products processing [9215] ",9215,Average offered hourly wage (dollars) (5),33.475
Economists and economic policy researchers and analysts [4162] ,4162,Average offered hourly wage (dollars) (5),33.5625
Professional occupations in business management consulting [1122] ,1122,Average offered hourly wage (dollars) (5),33.6
Computer programmers and interactive media developers [2174] ,2174,Average offered hourly wage (dollars) (5),33.925
"Other professional engineers, not elsewhere classified (n.e.c.) [2148] ",2148,Average offered hourly wage (dollars) (5),33.9375
Non-destructive testers and inspection technicians [2261] ,2261,Average offered hourly wage (dollars) (5),34.225
"Banking, credit and other investment managers [0122] ",122,Average offered hourly wage (dollars) (5),34.5125
"Managers in social, community and correctional services [0423] ",423,Average offered hourly wage (dollars) (5),34.55
Metallurgical and materials engineers [2142] ,2142,Average offered hourly wage (dollars) (5),34.65
Physiotherapists [3142] ,3142,Average offered hourly wage (dollars) (5),34.7375
Other administrative services managers [0114] ,114,Average offered hourly wage (dollars) (5),34.9375
"Mathematicians, statisticians and actuaries [2161] ",2161,Average offered hourly wage (dollars) (5),34.95
Construction managers [0711] ,711,Average offered hourly wage (dollars) (5),35.15
Program officers unique to government [4168] ,4168,Average offered hourly wage (dollars) (5),35.375
Other professional occupations in physical sciences [2115] ,2115,Average offered hourly wage (dollars) (5),35.475
"Supervisors, logging and forestry [8211] ",8211,Average offered hourly wage (dollars) (5),35.675
Psychologists [4151] ,4151,Average offered hourly wage (dollars) (5),35.75
"Contractors and supervisors, electrical trades and telecommunications occupations [7202] ",7202,Average offered hourly wage (dollars) (5),35.7625
Electrical and electronics engineers [2133] ,2133,Average offered hourly wage (dollars) (5),36
Geoscientists and oceanographers [2113] ,2113,Average offered hourly wage (dollars) (5),36.425
Veterinarians [3114] ,3114,Average offered hourly wage (dollars) (5),37.45
Civil engineers [2131] ,2131,Average offered hourly wage (dollars) (5),37.5125
Chemical engineers [2134] ,2134,Average offered hourly wage (dollars) (5),37.8625
Software engineers and designers [2173] ,2173,Average offered hourly wage (dollars) (5),38.4125
Government managers - health and social policy development and program administration [0411] ,411,Average offered hourly wage (dollars) (5),38.425
"Advertising, marketing and public relations managers [0124] ",124,Average offered hourly wage (dollars) (5),38.4625
Computer engineers (except software engineers and designers) [2147] ,2147,Average offered hourly wage (dollars) (5),39
Lawyers and Quebec notaries [4112] ,4112,Average offered hourly wage (dollars) (5),39
Manufacturing managers [0911] ,911,Average offered hourly wage (dollars) (5),39.125
Architects [2151] ,2151,Average offered hourly wage (dollars) (5),39.2125
University professors and lecturers [4011] ,4011,Average offered hourly wage (dollars) (5),39.675
Other business services managers [0125] ,125,Average offered hourly wage (dollars) (5),39.9375
Allied primary health practitioners [3124] ,3124,Average offered hourly wage (dollars) (5),40.1
Human resources managers [0112] ,112,Average offered hourly wage (dollars) (5),40.175
"Library, archive, museum and art gallery managers [0511] ",511,Average offered hourly wage (dollars) (5),40.525
Managers in health care [0311] ,311,Average offered hourly wage (dollars) (5),40.75
Physicists and astronomers [2111] ,2111,Average offered hourly wage (dollars) (5),40.8
"Insurance, real estate and financial brokerage managers [0121] ",121,Average offered hourly wage (dollars) (5),40.925
Financial managers [0111] ,111,Average offered hourly wage (dollars) (5),41.1375
Bricklayers [7281] ,7281,Average offered hourly wage (dollars) (5),41.5
Managers in transportation [0731] ,731,Average offered hourly wage (dollars) (5),41.75
"Supervisors, mining and quarrying [8221] ",8221,Average offered hourly wage (dollars) (5),42.1
Purchasing managers [0113] ,113,Average offered hourly wage (dollars) (5),42.2875
Pharmacists [3131] ,3131,Average offered hourly wage (dollars) (5),42.7875
Telecommunication carriers managers [0131] ,131,Average offered hourly wage (dollars) (5),43.15
Administrators - post-secondary education and vocational training [0421] ,421,Average offered hourly wage (dollars) (5),43.5625
"Government managers - economic analysis, policy development and program administration [0412] ",412,Average offered hourly wage (dollars) (5),43.8
Other managers in public administration [0414] ,414,Average offered hourly wage (dollars) (5),43.8625
School principals and administrators of elementary and secondary education [0422] ,422,Average offered hourly wage (dollars) (5),43.875
Computer and information systems managers [0213] ,213,Average offered hourly wage (dollars) (5),43.9625
Dentists [3113] ,3113,Average offered hourly wage (dollars) (5),44.9
Architecture and science managers [0212] ,212,Average offered hourly wage (dollars) (5),44.9875
Senior government managers and officials [0012] ,12,Average offered hourly wage (dollars) (5),45.175
Utilities managers [0912] ,912,Average offered hourly wage (dollars) (5),45.1875
Specialist physicians [3111] ,3111,Average offered hourly wage (dollars) (5),46.85
Geological engineers [2144] ,2144,Average offered hourly wage (dollars) (5),46.9875
Fire chiefs and senior firefighting officers [0432] ,432,Average offered hourly wage (dollars) (5),47.05
Petroleum engineers [2145] ,2145,Average offered hourly wage (dollars) (5),48.475
Commissioned police officers [0431] ,431,Average offered hourly wage (dollars) (5),49.9
Engineering managers [0211] ,211,Average offered hourly wage (dollars) (5),52.175
Mining engineers [2143] ,2143,Average offered hourly wage (dollars) (5),52.78333333
"Senior managers - health, education, social and community services and membership organizations [0014] ",14,Average offered hourly wage (dollars) (5),53.075
Managers in natural resources production and fishing [0811] ,811,Average offered hourly wage (dollars) (5),55.125
"Senior managers - financial, communications and other business services [0013] ",13,Average offered hourly wage (dollars) (5),63.8375
"Senior managers - trade, broadcasting and other services, not elsewhere classified (n.e.c.) [0015] ",15,Average offered hourly wage (dollars) (5),69.25
"Senior managers - construction, transportation, production and utilities [0016] ",16,Average offered hourly wage (dollars) (5),71.7625
General practitioners and family physicians [3112] ,3112,Average offered hourly wage (dollars) (5),81.6
Actors and comedians [5135] ,5135,Average offered hourly wage (dollars) (5),
Aquaculture and marine harvest labourers [8613] ,8613,Average offered hourly wage (dollars) (5),
Athletes [5251] ,5251,Average offered hourly wage (dollars) (5),
Boat assemblers and inspectors [9531] ,9531,Average offered hourly wage (dollars) (5),
Boilermakers [7234] ,7234,Average offered hourly wage (dollars) (5),
Cable television service and maintenance technicians [7247] ,7247,Average offered hourly wage (dollars) (5),
"Camera, platemaking and other prepress occupations [9472] ",9472,Average offered hourly wage (dollars) (5),
"Central control and process operators, mineral and metal processing [9231] ",9231,Average offered hourly wage (dollars) (5),
Chiropractors [3122] ,3122,Average offered hourly wage (dollars) (5),
Commissioned officers of the Canadian Armed Forces [0433] ,433,Average offered hourly wage (dollars) (5),
"Conductors, composers and arrangers [5132] ",5132,Average offered hourly wage (dollars) (5),
Correctional service officers [4422] ,4422,Average offered hourly wage (dollars) (5),
"Couriers, messengers and door-to-door distributors [1513] ",1513,Average offered hourly wage (dollars) (5),
Denturists [3221] ,3221,Average offered hourly wage (dollars) (5),
Educational counsellors [4033] ,4033,Average offered hourly wage (dollars) (5),
Elementary school and kindergarten teachers [4032] ,4032,Average offered hourly wage (dollars) (5),
Elevator constructors and mechanics [7318] ,7318,Average offered hourly wage (dollars) (5),
"Engineer officers, water transport [2274] ",2274,Average offered hourly wage (dollars) (5),
"Fabric, fur and leather cutters [9445] ",9445,Average offered hourly wage (dollars) (5),
Fishermen/women [8262] ,8262,Average offered hourly wage (dollars) (5),
Fishing masters and officers [8261] ,8261,Average offered hourly wage (dollars) (5),
Fishing vessel deckhands [8441] ,8441,Average offered hourly wage (dollars) (5),
"Ground and water transport ticket agents, cargo service representatives and related clerks [6524] ",6524,Average offered hourly wage (dollars) (5),
"Image, social and other personal consultants [6561] ",6561,Average offered hourly wage (dollars) (5),
"Jewellers, jewellery and watch repairers and related occupations [6344] ",6344,Average offered hourly wage (dollars) (5),
Judges [4111] ,4111,Average offered hourly wage (dollars) (5),
Legislators [0011] ,11,Average offered hourly wage (dollars) (5),
Letter carriers [1512] ,1512,Average offered hourly wage (dollars) (5),
Logging and forestry labourers [8616] ,8616,Average offered hourly wage (dollars) (5),
Machine fitters [7316] ,7316,Average offered hourly wage (dollars) (5),
"Mail, postal and related workers [1511] ",1511,Average offered hourly wage (dollars) (5),
Managers in aquaculture [0823] ,823,Average offered hourly wage (dollars) (5),
Meteorologists and climatologists [2114] ,2114,Average offered hourly wage (dollars) (5),
Non-commissioned ranks of the Canadian Armed Forces [4313] ,4313,Average offered hourly wage (dollars) (5),
Optometrists [3121] ,3121,Average offered hourly wage (dollars) (5),
Other personal service occupations [6564] ,6564,Average offered hourly wage (dollars) (5),
Practitioners of natural healing [3232] ,3232,Average offered hourly wage (dollars) (5),
Probation and parole officers and related occupations [4155] ,4155,Average offered hourly wage (dollars) (5),
"Pulping, papermaking and coating control operators [9235] ",9235,Average offered hourly wage (dollars) (5),
Pursers and flight attendants [6522] ,6522,Average offered hourly wage (dollars) (5),
Railway and yard locomotive engineers [7361] ,7361,Average offered hourly wage (dollars) (5),
Railway carmen/women [7314] ,7314,Average offered hourly wage (dollars) (5),
Railway conductors and brakemen/women [7362] ,7362,Average offered hourly wage (dollars) (5),
Railway traffic controllers and marine traffic regulators [2275] ,2275,Average offered hourly wage (dollars) (5),
Railway yard and track maintenance workers [7531] ,7531,Average offered hourly wage (dollars) (5),
Secondary school teachers [4031] ,4031,Average offered hourly wage (dollars) (5),
Sheriffs and bailiffs [4421] ,4421,Average offered hourly wage (dollars) (5),
Shoe repairers and shoemakers [6343] ,6343,Average offered hourly wage (dollars) (5),
Sports officials and referees [5253] ,5253,Average offered hourly wage (dollars) (5),
"Supervisors, railway transport operations [7304] ",7304,Average offered hourly wage (dollars) (5),
Trappers and hunters [8442] ,8442,Average offered hourly wage (dollars) (5),
Water well drillers [7373] ,7373,Average offered hourly wage (dollars) (5),
